{"AGIBTC": {"medianpc": 0.24062015822205002}, "AGIETH": {"medianpc": 0.20535445742916447}, "AGIUSD": {"medianpc": 0.13906287248503385}, "AIDBTC": {"medianpc": 0.2995396278144914}, "AIDETH": {"medianpc": 0.2508264576615271}, "AIDUSD": {"medianpc": 0.14900228050378672}, "AIOBTC": {"medianpc": 0.20960051070599162}, "AIOETH": {"medianpc": 0.3161776641448742}, "AIOUSD": {"medianpc": 0.19063209765514744}, "ANTBTC": {"medianpc": 0.31275633891073706}, "ANTETH": {"medianpc": 0.43432043525198105}, "ANTUSD": {"medianpc": 0.2785058629052524}, "AUCBTC": {"medianpc": 0.62752077317154}, "AUCETH": {"medianpc": 0.28769887282394857}, "AUCUSD": {"medianpc": 0.30217161889219357}, "AVTBTC": {"medianpc": 0.19568694329135478}, "AVTETH": {"medianpc": 0.23402357652145367}, "AVTUSD": {"medianpc": 0.17366084124400544}, "AtonomiBTC": {"medianpc": 0.1835040818660847}, "AtonomiETH": {"medianpc": 0.18371530385691404}, "AtonomiUSD": {"medianpc": 0.1688302119262518}, "BATBTC": {"medianpc": 0.24543489445552613}, "BATETH": {"medianpc": 0.21980633818476292}, "BATUSD": {"medianpc": 0.14046736350881373}, "BCHBTC": {"medianpc": 0.12725547429102724}, "BCHETH": {"medianpc": 0.20666571286021163}, "BCHUSD": {"medianpc": 0.10507067788303825}, "BCIBTC": {"medianpc": 0.14681261824509362}, "BCIUSD": {"medianpc": 0.10616062625219397}, "BFTBTC": {"medianpc": 0.0775449053940851}, "BFTETH": {"medianpc": 0.06881209192177162}, "BFTUSD": {"medianpc": 0.06501933515376335}, "BTCEUR": {"medianpc": 0.09051043772012357}, "BTCGBP": {"medianpc": 0.11549980272263216}, "BTCJPY": {"medianpc": 0.12344929696678747}, "BTCUSD": {"medianpc": 0.07830129891786036}, "BTGBTC": {"medianpc": 0.16598350530550937}, "BTGUSD": {"medianpc": 0.10445758868650379}, "CBTBTC": {"medianpc": 0.3267963151252653}, "CBTETH": {"medianpc": 0.3999999999999999}, "CBTUSD": {"medianpc": 0.2994550162162276}, "CFIBTC": {"medianpc": 0.16169414898924628}, "CFIETH": {"medianpc": 0.29569885873117874}, "CFIUSD": {"medianpc": 0.13281751622310645}, "CNDBTC": {"medianpc": 0.2405402895589539}, "CNDETH": {"medianpc": 0.0}, "CNDUSD": {"medianpc": 0.2514689167034809}, "CTXCBTC": {"medianpc": 0.4714754287947547}, "CTXCETH": {"medianpc": 0.48395534804358253}, "CTXCUSD": {"medianpc": 0.4124576916727489}, "DADBTC": {"medianpc": 0.03290571868913572}, "DADETH": {"medianpc": 0.02463152414067088}, "DADUSD": {"medianpc": 0.36044403427953436}, "DAIBTC": {"medianpc": 0.28712341671482666}, "DAIETH": {"medianpc": 0.28256691739794315}, "DAIUSD": {"medianpc": 0.27943818013360744}, "DASHBTC": {"medianpc": 0.11914821240743179}, "DASHUSD": {"medianpc": 0.1111091478589224}, "DATABTC": {"medianpc": 0.20019519593623047}, "DATAETH": {"medianpc": 0.18834918107304}, "DATAUSD": {"medianpc": 0.15811948910362505}, "DTABTC": {"medianpc": 0.3193712372609096}, "DTAETH": {"medianpc": 0.4049729508915121}, "DTAUSD": {"medianpc": 0.18209670200195083}, "DTHBTC": {"medianpc": 0.18396797186616665}, "DTHETH": {"medianpc": 0.3586050213273084}, "DTHUSD": {"medianpc": 0.1789896114531921}, "EDOBTC": {"medianpc": 0.15028400418042392}, "EDOETH": {"medianpc": 0.2545985541545297}, "EDOUSD": {"medianpc": 0.1690193166929843}, "ELFBTC": {"medianpc": 0.08989012790719492}, "ELFETH": {"medianpc": 0.03220264495548092}, "ELFUSD": {"medianpc": 0.08390245159653331}, "EOSBTC": {"medianpc": 0.14352914936730649}, "EOSETH": {"medianpc": 0.08002198434382035}, "EOSEUR": {"medianpc": 0.14613911164974414}, "EOSGBP": {"medianpc": 0.13999710658946796}, "EOSJPY": {"medianpc": 0.13188091070547636}, "EOSUSD": {"medianpc": 0.10122503774721492}, "ESSBTC": {"medianpc": 0.47622726060972576}, "ESSETH": {"medianpc": 0.08266344735013242}, "ESSUSD": {"medianpc": 0.11900983552425859}, "ETCBTC": {"medianpc": 0.14565000063289768}, "ETCUSD": {"medianpc": 0.1119927818599924}, "ETHBTC": {"medianpc": 0.08810710429645457}, "ETHEUR": {"medianpc": 0.12161258253712781}, "ETHGBP": {"medianpc": 0.11941126533951368}, "ETHJPY": {"medianpc": 0.07029046327878646}, "ETHUSD": {"medianpc": 0.08946261701917219}, "ETPBTC": {"medianpc": 0.18779727544423097}, "ETPETH": {"medianpc": 0.21392897623939677}, "ETPUSD": {"medianpc": 0.12731292451658371}, "FSNBTC": {"medianpc": 0.40836536419128233}, "FSNETH": {"medianpc": 0.5366449724003242}, "FSNUSD": {"medianpc": 0.35411225749240227}, "FUNBTC": {"medianpc": 0.15290354557323316}, "FUNETH": {"medianpc": 0.233905455904951}, "FUNUSD": {"medianpc": 0.1963242331962003}, "GNTBTC": {"medianpc": 0.22976373001470396}, "GNTETH": {"medianpc": 0.22557021115745962}, "GNTUSD": {"medianpc": 0.1271325565026341}, "HOTBTC": {"medianpc": 0.4113299827686896}, "HOTETH": {"medianpc": 0.26378076990418686}, "HOTUSD": {"medianpc": 0.3276808350371412}, "IOSTBTC": {"medianpc": 0.17419759555404624}, "IOSTETH": {"medianpc": 0.2906712630402738}, "IOSTUSD": {"medianpc": 0.16286400244394494}, "IOTABTC": {"medianpc": 0.10695746834049386}, "IOTAETH": {"medianpc": 0.2174823072500921}, "IOTAEUR": {"medianpc": 0.12434810590322315}, "IOTAGBP": {"medianpc": 0.11491953988986786}, "IOTAJPY": {"medianpc": 0.11510700125406442}, "IOTAUSD": {"medianpc": 0.1075710522355372}, "IQXBTC": {"medianpc": 0.18872142381821244}, "IQXEOS": {"medianpc": 0.13687501164637206}, "IQXUSD": {"medianpc": 0.17273845724266684}, "KNCBTC": {"medianpc": 0.28144018631957635}, "KNCETH": {"medianpc": 0.2339075349817299}, "KNCUSD": {"medianpc": 0.293987224566332}, "LRCBTC": {"medianpc": 0.2163402645904649}, "LRCETH": {"medianpc": 0.3617174010662256}, "LRCUSD": {"medianpc": 0.21925563334421438}, "LTCBTC": {"medianpc": 0.12822295010216556}, "LTCUSD": {"medianpc": 0.12181070724471416}, "LYMBTC": {"medianpc": 0.3085769105219821}, "LYMETH": {"medianpc": 0.38420004485055137}, "LYMUSD": {"medianpc": 0.22611457493647202}, "MANABTC": {"medianpc": 0.22033605523667787}, "MANAETH": {"medianpc": 0.2748961966731234}, "MANAUSD": {"medianpc": 0.1829204604930983}, "MITBTC": {"medianpc": 0.28807313643601445}, "MITETH": {"medianpc": 0.33064402465145615}, "MITUSD": {"medianpc": 0.272488687684613}, "MKRBTC": {"medianpc": 0.25078628146004045}, "MKRETH": {"medianpc": 0.23243530458831246}, "MKRUSD": {"medianpc": 0.3459842703395227}, "MTNBTC": {"medianpc": 0.19220249432427194}, "MTNETH": {"medianpc": 0.17158310275599203}, "MTNUSD": {"medianpc": 0.2027281398707288}, "NCABTC": {"medianpc": 0.0994460261022162}, "NCAETH": {"medianpc": 0.27051574166928816}, "NCAUSD": {"medianpc": 0.44562642904747396}, "NEOBTC": {"medianpc": 0.12951606586691472}, "NEOETH": {"medianpc": 0.1332547871135874}, "NEOEUR": {"medianpc": 0.13230703412790062}, "NEOGBP": {"medianpc": 0.1588749729036366}, "NEOJPY": {"medianpc": 0.13249647163698358}, "NEOUSD": {"medianpc": 0.13728555519361169}, "ODEBTC": {"medianpc": 0.3305285453335116}, "ODEETH": {"medianpc": 0.28673308969667266}, "ODEUSD": {"medianpc": 0.2847240098355805}, "OMGBTC": {"medianpc": 0.12690891946597277}, "OMGETH": {"medianpc": 0.14146644021810711}, "OMGUSD": {"medianpc": 0.1298668028939441}, "ORS GroupBTC": {"medianpc": 0.2730232080830116}, "ORS GroupETH": {"medianpc": 0.338378512709619}, "ORS GroupUSD": {"medianpc": 0.2026508990996333}, "PAIBTC": {"medianpc": 0.22054165493236133}, "PAIUSD": {"medianpc": 0.37236999572005214}, "POABTC": {"medianpc": 0.24789704227869103}, "POAETH": {"medianpc": 0.2939356943723028}, "POAUSD": {"medianpc": 0.21986521919278645}, "POYBTC": {"medianpc": 0.27191790424561746}, "POYETH": {"medianpc": 0.170428080157071}, "POYUSD": {"medianpc": 0.18120609081849182}, "QASHBTC": {"medianpc": 0.14499057210877442}, "QASHETH": {"medianpc": 0.15787828024732514}, "QASHUSD": {"medianpc": 0.1759762263699144}, "QTUMBTC": {"medianpc": 0.1391274781273884}, "QTUMETH": {"medianpc": 0.18651805971580526}, "QTUMUSD": {"medianpc": 0.10204831777367751}, "RCNBTC": {"medianpc": 0.23688407776434972}, "RCNETH": {"medianpc": 0.12879284611176228}, "RCNUSD": {"medianpc": 0.2164803749707489}, "RDNBTC": {"medianpc": 0.34385316490125767}, "RDNETH": {"medianpc": 0.37050329165750223}, "RDNUSD": {"medianpc": 0.24396098434294466}, "REPBTC": {"medianpc": 0.19828000035379406},