{"AGI/BTC": {"medianpc": 0.24062015822205002}, "AGI/ETH": {"medianpc": 0.20535445742916447}, "AGI/USDT": {"medianpc": 0.13906287248503385}, "AID/BTC": {"medianpc": 0.2995396278144914}, "AID/ETH": {"medianpc": 0.2508264576615271}, "AID/USDT": {"medianpc": 0.14900228050378672}, "AIO/BTC": {"medianpc": 0.20960051070599162}, "AIO/ETH": {"medianpc": 0.3161776641448742}, "AIO/USDT": {"medianpc": 0.19063209765514744}, "ANT/BTC": {"medianpc": 0.31275633891073706}, "ANT/ETH": {"medianpc": 0.43432043525198105}, "ANT/USDT": {"medianpc": 0.2785058629052524}, "AUC/BTC": {"medianpc": 0.62752077317154}, "AUC/ETH": {"medianpc": 0.28769887282394857}, "AUC/USDT": {"medianpc": 0.30217161889219357}, "AVT/BTC": {"medianpc": 0.19568694329135478}, "AVT/ETH": {"medianpc": 0.23402357652145367}, "AVT/USDT": {"medianpc": 0.17366084124400544}, "Atonomi/BTC": {"medianpc": 0.1835040818660847}, "Atonomi/ETH": {"medianpc": 0.18371530385691404}, "Atonomi/USDT": {"medianpc": 0.1688302119262518}, "BAT/BTC": {"medianpc": 0.24543489445552613}, "BAT/ETH": {"medianpc": 0.21980633818476292}, "BAT/USDT": {"medianpc": 0.14046736350881373}, "BCH/BTC": {"medianpc": 0.12725547429102724}, "BCH/ETH": {"medianpc": 0.20666571286021163}, "BCH/USDT": {"medianpc": 0.10507067788303825}, "BCI/BTC": {"medianpc": 0.14681261824509362}, "BCI/USDT": {"medianpc": 0.10616062625219397}, "BFT/BTC": {"medianpc": 0.0775449053940851}, "BFT/ETH": {"medianpc": 0.06881209192177162}, "BFT/USDT": {"medianpc": 0.06501933515376335}, "BTC/EUR": {"medianpc": 0.09051043772012357}, "BTC/GBP": {"medianpc": 0.11549980272263216}, "BTC/JPY": {"medianpc": 0.12344929696678747}, "BTC/USDT": {"medianpc": 0.07830129891786036}, "BTG/BTC": {"medianpc": 0.16598350530550937}, "BTG/USDT": {"medianpc": 0.10445758868650379}, "CBT/BTC": {"medianpc": 0.3267963151252653}, "CBT/ETH": {"medianpc": 0.3999999999999999}, "CBT/USDT": {"medianpc": 0.2994550162162276}, "CFI/BTC": {"medianpc": 0.16169414898924628}, "CFI/ETH": {"medianpc": 0.29569885873117874}, "CFI/USDT": {"medianpc": 0.13281751622310645}, "CND/BTC": {"medianpc": 0.2405402895589539}, "CND/ETH": {"medianpc": 0.0}, "CND/USDT": {"medianpc": 0.2514689167034809}, "CTXC/BTC": {"medianpc": 0.4714754287947547}, "CTXC/ETH": {"medianpc": 0.48395534804358253}, "CTXC/USDT": {"medianpc": 0.4124576916727489}, "DAD/BTC": {"medianpc": 0.03290571868913572}, "DAD/ETH": {"medianpc": 0.02463152414067088}, "DAD/USDT": {"medianpc": 0.36044403427953436}, "DAI/BTC": {"medianpc": 0.28712341671482666}, "DAI/ETH": {"medianpc": 0.28256691739794315}, "DAI/USDT": {"medianpc": 0.27943818013360744}, "DASH/BTC": {"medianpc": 0.11914821240743179}, "DASH/USDT": {"medianpc": 0.1111091478589224}, "DATA/BTC": {"medianpc": 0.20019519593623047}, "DATA/ETH": {"medianpc": 0.18834918107304}, "DATA/USDT": {"medianpc": 0.15811948910362505}, "DTA/BTC": {"medianpc": 0.3193712372609096}, "DTA/ETH": {"medianpc": 0.4049729508915121}, "DTA/USDT": {"medianpc": 0.18209670200195083}, "DTH/BTC": {"medianpc": 0.18396797186616665}, "DTH/ETH": {"medianpc": 0.3586050213273084}, "DTH/USDT": {"medianpc": 0.1789896114531921}, "EDO/BTC": {"medianpc": 0.15028400418042392}, "EDO/ETH": {"medianpc": 0.2545985541545297}, "EDO/USDT": {"medianpc": 0.1690193166929843}, "ELF/BTC": {"medianpc": 0.08989012790719492}, "ELF/ETH": {"medianpc": 0.03220264495548092}, "ELF/USDT": {"medianpc": 0.08390245159653331}, "EOS/BTC": {"medianpc": 0.14352914936730649}, "EOS/ETH": {"medianpc": 0.08002198434382035}, "EOS/EUR": {"medianpc": 0.14613911164974414}, "EOS/GBP": {"medianpc": 0.13999710658946796}, "EOS/JPY": {"medianpc": 0.13188091070547636}, "EOS/USDT": {"medianpc": 0.10122503774721492}, "ESS/BTC": {"medianpc": 0.47622726060972576}, "ESS/ETH": {"medianpc": 0.08266344735013242}, "ESS/USDT": {"medianpc": 0.11900983552425859}, "ETC/BTC": {"medianpc": 0.14565000063289768}, "ETC/USDT": {"medianpc": 0.1119927818599924}, "ETH/BTC": {"medianpc": 0.08810710429645457}, "ETH/EUR": {"medianpc": 0.12161258253712781}, "ETH/GBP": {"medianpc": 0.11941126533951368}, "ETH/JPY": {"medianpc": 0.07029046327878646}, "ETH/USDT": {"medianpc": 0.08946261701917219}, "ETP/BTC": {"medianpc": 0.18779727544423097}, "ETP/ETH": {"medianpc": 0.21392897623939677}, "ETP/USDT": {"medianpc": 0.12731292451658371}, "FSN/BTC": {"medianpc": 0.40836536419128233}, "FSN/ETH": {"medianpc": 0.5366449724003242}, "FSN/USDT": {"medianpc": 0.35411225749240227}, "FUN/BTC": {"medianpc": 0.15290354557323316}, "FUN/ETH": {"medianpc": 0.233905455904951}, "FUN/USDT": {"medianpc": 0.1963242331962003}, "GNT/BTC": {"medianpc": 0.22976373001470396}, "GNT/ETH": {"medianpc": 0.22557021115745962}, "GNT/USDT": {"medianpc": 0.1271325565026341}, "HOT/BTC": {"medianpc": 0.4113299827686896}, "HOT/ETH": {"medianpc": 0.26378076990418686}, "HOT/USDT": {"medianpc": 0.3276808350371412}, "IOST/BTC": {"medianpc": 0.17419759555404624}, "IOST/ETH": {"medianpc": 0.2906712630402738}, "IOST/USDT": {"medianpc": 0.16286400244394494}, "IOTA/BTC": {"medianpc": 0.10695746834049386}, "IOTA/ETH": {"medianpc": 0.2174823072500921}, "IOTA/EUR": {"medianpc": 0.12434810590322315}, "IOTA/GBP": {"medianpc": 0.11491953988986786}, "IOTA/JPY": {"medianpc": 0.11510700125406442}, "IOTA/USDT": {"medianpc": 0.1075710522355372}, "IQX/BTC": {"medianpc": 0.18872142381821244}, "IQX/EOS": {"medianpc": 0.13687501164637206}, "IQX/USDT": {"medianpc": 0.17273845724266684}, "KNC/BTC": {"medianpc": 0.28144018631957635}, "KNC/ETH": {"medianpc": 0.2339075349817299}, "KNC/USDT": {"medianpc": 0.293987224566332}, "LRC/BTC": {"medianpc": 0.2163402645904649}, "LRC/ETH": {"medianpc": 0.3617174010662256}, "LRC/USDT": {"medianpc": 0.21925563334421438}, "LTC/BTC": {"medianpc": 0.12822295010216556}, "LTC/USDT": {"medianpc": 0.12181070724471416}, "LYM/BTC": {"medianpc": 0.3085769105219821}, "LYM/ETH": {"medianpc": 0.38420004485055137}, "LYM/USDT": {"medianpc": 0.22611457493647202}, "MANA/BTC": {"medianpc": 0.22033605523667787}, "MANA/ETH": {"medianpc": 0.2748961966731234}, "MANA/USDT": {"medianpc": 0.1829204604930983}, "MIT/BTC": {"medianpc": 0.28807313643601445}, "MIT/ETH": {"medianpc": 0.33064402465145615}, "MIT/USDT": {"medianpc": 0.272488687684613}, "MKR/BTC": {"medianpc": 0.25078628146004045}, "MKR/ETH": {"medianpc": 0.23243530458831246}, "MKR/USDT": {"medianpc": 0.3459842703395227}, "MTN/BTC": {"medianpc": 0.19220249432427194}, "MTN/ETH": {"medianpc": 0.17158310275599203}, "MTN/USDT": {"medianpc": 0.2027281398707288}, "NCA/BTC": {"medianpc": 0.0994460261022162}, "NCA/ETH": {"medianpc": 0.27051574166928816}, "NCA/USDT": {"medianpc": 0.44562642904747396}, "NEO/BTC": {"medianpc": 0.12951606586691472}, "NEO/ETH": {"medianpc": 0.1332547871135874}, "NEO/EUR": {"medianpc": 0.13230703412790062}, "NEO/GBP": {"medianpc": 0.1588749729036366}, "NEO/JPY": {"medianpc": 0.13249647163698358}, "NEO/USDT": {"medianpc": 0.13728555519361169}, "ODE/BTC": {"medianpc": 0.3305285453335116}, "ODE/ETH": {"medianpc": 0.28673308969667266}, "ODE/USDT": {"medianpc": 0.2847240098355805}, "OMG/BTC": {"medianpc": 0.12690891946597277}, "OMG/ETH": {"medianpc": 0.14146644021810711}, "OMG/USDT": {"medianpc": 0.1298668028939441}, "ORS Group/BTC": {"medianpc": 0.2730232080830116}, "ORS Group/ETH": {"medianpc": 0.338378512709619}, "ORS Group/USDT": {"medianpc": 0.2026508990996333}, "PAI/BTC": {"medianpc": 0.22054165493236133}, "PAI/USDT": {"medianpc": 0.37236999572005214}, "POA/BTC": {"medianpc": 0.24789704227869103}, "POA/ETH": {"medianpc": 0.2939356943723028}, "POA/USDT": {"medianpc": 0.21986521919278645}, "POY/BTC": {"medianpc": 0.27191790424561746}, "POY/ETH": {"medianpc": 0.170428080157071}, "POY/USDT": {"medianpc": 0.18120609081849182}, "QASH/BTC": {"medianpc": 0.14499057210877442}, "QASH/ETH": {"medianpc": 0.15787828024732514}, "QASH/USDT": {"medianpc": 0.1759762263699144}, "QTUM/BTC": {"medianpc": 0.1391274781273884}, "QTUM/ETH": {"medianpc": 0.18651805971580526}, "QTUM/USDT": {"medianpc": 0.10204831777367751}, "RCN/BTC": {"medianpc": 0.23688407776434972}, "RCN/ETH": {"medianpc": 0.12879284611176228},